dataID,type,humidity,temperature,state,brightness,time,equipment_eId
5,light,1,2,1,1,"2021-01-01 00:00:00",e2
6,light,1,2,0,1,"2021-01-01 00:00:00",e2
7,light,5,2,1,3,"2021-01-02 00:00:00",e2
8,light,1,2,1,9,"2030-01-01 00:00:00",e2
d1,door,2,NULL,0,8,NULL,e1
d10,温湿监测,16,12,-1,-1,"2020-02-16 19:00:00",e32
d100,灯,-1,-1,1,6,"2021-03-01 02:00:00",e13
d1000,门,-1,-1,1,-1,"2020-02-07 04:00:00",e33
d101,烟雾监测,-1,-1,-1,-1,"2021-01-05 07:00:00",e28
d102,窗帘,-1,-1,0,-1,"2020-05-21 02:00:00",e38
d103,窗,-1,-1,0,-1,"2020-07-22 20:00:00",e23
d104,门,-1,-1,0,-1,"2021-05-25 20:00:00",e30
d105,窗帘,-1,-1,1,-1,"2020-09-24 09:00:00",e38
d106,温湿监测,94,10,-1,-1,"2020-03-30 01:00:00",e6
d107,温湿监测,9,21,-1,-1,"2020-06-25 00:00:00",e32
d108,灯,-1,-1,0,0,"2020-03-26 02:00:00",e36
d109,窗帘,-1,-1,0,-1,"2021-03-04 08:00:00",e19
d11,窗帘,-1,-1,0,-1,"2021-05-21 11:00:00",e19
d110,窗帘,-1,-1,1,-1,"2020-09-19 20:00:00",e8
d111,窗帘,-1,-1,1,-1,"2021-03-03 04:00:00",e10
d112,灯,-1,-1,1,2,"2020-09-18 09:00:00",e26
d113,温湿监测,95,18,-1,-1,"2020-08-22 09:00:00",e6
d114,窗帘,-1,-1,1,-1,"2021-06-01 04:00:00",e5
d115,温湿监测,38,26,-1,-1,"2020-09-13 15:00:00",e32
d116,窗,-1,-1,0,-1,"2020-07-14 23:00:00",e4
d117,灯,-1,-1,1,2,"2020-06-06 03:00:00",e36
d118,窗,-1,-1,1,-1,"2020-05-10 07:00:00",e23
d119,窗,-1,-1,1,-1,"2021-01-23 15:00:00",e2
d12,灯,-1,-1,1,1,"2020-09-13 14:00:00",e7
d120,窗,-1,-1,1,-1,"2020-03-19 14:00:00",e4
d121,窗,-1,-1,1,-1,"2020-07-19 09:00:00",e2
d122,窗帘,-1,-1,0,-1,"2020-05-30 16:00:00",e10
d123,烟雾监测,-1,-1,-1,-1,"2020-04-07 17:00:00",e28
d124,温湿监测,93,30,-1,-1,"2021-01-26 00:00:00",e6
d125,窗帘,-1,-1,1,-1,"2021-05-19 10:00:00",e18
d126,温湿监测,19,15,-1,-1,"2020-09-02 04:00:00",e32
d127,窗帘,-1,-1,1,-1,"2020-08-19 03:00:00",e35
d128,灯,-1,-1,1,9,"2020-04-29 02:00:00",e36
d129,灯,-1,-1,1,3,"2020-09-30 18:00:00",e13
d13,灯,-1,-1,1,9,"2020-09-13 18:00:00",e26
d130,温湿监测,58,9,-1,-1,"2021-03-06 08:00:00",e6
d131,温湿监测,37,27,-1,-1,"2020-11-30 07:00:00",e6
d132,门,-1,-1,0,-1,"2020-10-13 02:00:00",e30
d133,窗帘,-1,-1,0,-1,"2021-01-22 06:00:00",e10
d134,灯,-1,-1,1,1,"2021-05-08 17:00:00",e36
d135,温湿监测,49,8,-1,-1,"2020-02-25 13:00:00",e6
d136,温湿监测,25,30,-1,-1,"2020-08-18 01:00:00",e6
d137,窗,-1,-1,0,-1,"2020-03-02 13:00:00",e4
d138,门,-1,-1,0,-1,"2020-05-02 13:00:00",e33
d139,温湿监测,67,5,-1,-1,"2021-04-09 07:00:00",e6
d14,窗,-1,-1,0,-1,"2021-02-17 15:00:00",e2
d140,灯,-1,-1,1,10,"2020-10-10 22:00:00",e26
d141,窗,-1,-1,1,-1,"2021-03-29 08:00:00",e21
d142,温湿监测,40,24,-1,-1,"2020-12-13 20:00:00",e6
d143,窗,-1,-1,0,-1,"2020-04-12 05:00:00",e17
d144,温湿监测,39,34,-1,-1,"2020-02-09 10:00:00",e6
d145,烟雾监测,-1,-1,-1,-1,"2020-11-29 06:00:00",e3
d146,温湿监测,49,30,-1,-1,"2020-05-13 08:00:00",e32
d147,窗帘,-1,-1,1,-1,"2020-11-01 17:00:00",e35
d148,灯,-1,-1,0,0,"2020-01-03 13:00:00",e7
d149,窗帘,-1,-1,0,-1,"2020-11-27 06:00:00",e38
d15,温湿监测,38,12,-1,-1,"2021-06-13 06:00:00",e6
d150,窗,-1,-1,0,-1,"2021-05-22 04:00:00",e17
d151,窗,-1,-1,1,-1,"2020-09-24 13:00:00",e2
d152,温湿监测,26,18,-1,-1,"2020-11-20 23:00:00",e32
d153,灯,-1,-1,1,9,"2020-12-08 18:00:00",e26
d154,窗,-1,-1,1,-1,"2020-01-05 16:00:00",e2
d155,窗,-1,-1,1,-1,"2020-09-18 07:00:00",e23
d156,门,-1,-1,0,-1,"2020-09-14 08:00:00",e33
d157,灯,-1,-1,1,6,"2021-06-14 01:00:00",e26
d158,窗,-1,-1,1,-1,"2020-08-28 22:00:00",e9
d159,窗帘,-1,-1,1,-1,"2021-06-19 22:00:00",e19
d16,灯,-1,-1,1,7,"2020-07-09 06:00:00",e24
d160,窗,-1,-1,1,-1,"2020-05-01 07:00:00",e9
d161,门,-1,-1,0,-1,"2020-04-15 07:00:00",e27
d162,灯,-1,-1,1,10,"2020-12-23 20:00:00",e36
d163,烟雾监测,-1,-1,-1,-1,"2021-06-06 17:00:00",e31
d164,窗帘,-1,-1,0,-1,"2020-05-23 23:00:00",e20
d165,灯,-1,-1,1,3,"2021-05-16 16:00:00",e26
d166,窗帘,-1,-1,1,-1,"2020-07-20 22:00:00",e8
d167,灯,-1,-1,1,3,"2020-06-19 05:00:00",e36
d168,灯,-1,-1,1,5,"2020-07-04 03:00:00",e26
d169,窗帘,-1,-1,0,-1,"2020-03-07 07:00:00",e5
d17,门,-1,-1,1,-1,"2020-03-22 08:00:00",e16
d170,烟雾监测,-1,-1,-1,-1,"2020-02-18 23:00:00",e1
d171,烟雾监测,-1,-1,-1,-1,"2020-10-22 08:00:00",e31
d172,窗帘,-1,-1,0,-1,"2021-06-17 00:00:00",e8
d173,窗,-1,-1,1,-1,"2020-04-26 13:00:00",e17
d174,温湿监测,85,28,-1,-1,"2021-06-26 12:00:00",e32
d175,窗,-1,-1,1,-1,"2020-10-25 00:00:00",e4
d176,温湿监测,92,25,-1,-1,"2021-06-07 01:00:00",e6
d177,温湿监测,35,25,-1,-1,"2020-02-20 06:00:00",e6
d178,灯,-1,-1,1,3,"2020-02-07 10:00:00",e26
d179,烟雾监测,-1,-1,-1,-1,"2020-05-01 06:00:00",e23
d18,温湿监测,86,35,-1,-1,"2020-01-10 10:00:00",e6
d180,门,-1,-1,0,-1,"2020-10-04 19:00:00",e34
d181,门,-1,-1,0,-1,"2020-10-11 21:00:00",e27
d182,窗帘,-1,-1,1,-1,"2021-05-19 00:00:00",e12
d183,灯,-1,-1,1,3,"2020-05-24 09:00:00",e26
d184,温湿监测,56,29,-1,-1,"2020-12-11 20:00:00",e32
d185,门,-1,-1,0,-1,"2021-03-16 13:00:00",e30
d186,烟雾监测,-1,-1,-1,-1,"2021-06-04 21:00:00",e15
d187,门,-1,-1,1,-1,"2020-11-02 07:00:00",e16
d188,烟雾监测,-1,-1,-1,-1,"2020-04-15 13:00:00",e1
d189,灯,-1,-1,1,1,"2020-07-09 17:00:00",e26
d19,门,-1,-1,1,-1,"2021-01-01 17:00:00",e34
d190,窗帘,-1,-1,0,-1,"2021-02-26 09:00:00",e35
d191,窗,-1,-1,1,-1,"2020-10-21 15:00:00",e21
d192,门,-1,-1,1,-1,"2021-02-08 06:00:00",e30
d193,窗帘,-1,-1,0,-1,"2020-06-28 11:00:00",e38
d194,烟雾监测,-1,-1,-1,-1,"2020-01-13 00:00:00",e15
d195,窗,-1,-1,1,-1,"2020-03-15 12:00:00",e17
d196,窗帘,-1,-1,1,-1,"2020-08-08 12:00:00",e19
d197,门,-1,-1,1,-1,"2020-03-20 23:00:00",e34
d198,窗帘,-1,-1,1,-1,"2020-05-17 21:00:00",e19
d199,窗帘,-1,-1,0,-1,"2020-12-21 13:00:00",e25
d2,light,6,2,1,3,"2019-01-01 00:00:00",e2
d20,烟雾监测,-1,-1,-1,-1,"2020-12-11 23:00:00",e15
d200,温湿监测,66,10,-1,-1,"2020-04-29 00:00:00",e6
d201,灯,-1,-1,1,8,"2021-02-20 00:00:00",e36
d202,灯,-1,-1,1,10,"2021-03-22 21:00:00",e26
d203,烟雾监测,-1,-1,-1,-1,"2020-03-18 04:00:00",e39
d204,窗帘,-1,-1,1,-1,"2020-01-29 10:00:00",e5
d205,烟雾监测,-1,-1,-1,-1,"2020-08-25 16:00:00",e3
d206,温湿监测,40,30,-1,-1,"2020-07-09 05:00:00",e6
d207,灯,-1,-1,1,2,"2021-01-05 05:00:00",e7
d208,门,-1,-1,0,-1,"2021-04-08 17:00:00",e27
d209,烟雾监测,-1,-1,-1,-1,"2021-01-19 17:00:00",e28
d21,温湿监测,34,29,-1,-1,"2020-11-03 17:00:00",e6
d210,门,-1,-1,0,-1,"2021-06-14 05:00:00",e11
d211,窗,-1,-1,0,-1,"2021-06-19 08:00:00",e21
d212,窗,-1,-1,1,-1,"2020-06-13 03:00:00",e17
d213,窗,-1,-1,1,-1,"2020-07-24 05:00:00",e2
d214,烟雾监测,-1,-1,-1,-1,"2021-01-01 04:00:00",e31
d215,窗帘,-1,-1,1,-1,"2020-03-11 06:00:00",e10
d216,灯,-1,-1,1,1,"2021-04-02 07:00:00",e36
d217,窗帘,-1,-1,0,-1,"2020-10-02 10:00:00",e18
d218,灯,-1,-1,0,0,"2020-12-22 00:00:00",e26
d219,灯,-1,-1,1,3,"2021-02-20 19:00:00",e7
d22,窗,-1,-1,1,-1,"2020-05-06 18:00:00",e23
d220,窗,-1,-1,1,-1,"2020-03-31 22:00:00",e4
d221,灯,-1,-1,1,9,"2020-11-28 13:00:00",e26
d222,烟雾监测,-1,-1,-1,-1,"2021-01-18 07:00:00",e40
d223,窗,-1,-1,1,-1,"2020-04-05 10:00:00",e23
d224,烟雾监测,-1,-1,-1,-1,"2021-06-16 12:00:00",e1
d225,门,-1,-1,0,-1,"2021-05-02 04:00:00",e16
d226,温湿监测,76,22,-1,-1,"2020-09-02 08:00:00",e6
d227,窗,-1,-1,1,-1,"2020-07-16 02:00:00",e2
d228,灯,-1,-1,1,9,"2020-05-16 00:00:00",e24
d229,灯,-1,-1,1,8,"2020-11-16 13:00:00",e13
d23,烟雾监测,-1,-1,-1,-1,"2020-10-18 15:00:00",e28
d230,窗,-1,-1,1,-1,"2020-06-16 19:00:00",e21
d231,温湿监测,37,26,-1,-1,"2020-04-09 07:00:00",e32
d232,窗帘,-1,-1,1,-1,"2020-01-11 23:00:00",e12
d233,窗,-1,-1,1,-1,"2021-06-25 17:00:00",e2
d234,窗帘,-1,-1,0,-1,"2020-03-07 08:00:00",e8
d235,门,-1,-1,1,-1,"2020-07-07 13:00:00",e33
d236,门,-1,-1,0,-1,"2020-11-21 18:00:00",e16
d237,窗,-1,-1,0,-1,"2020-08-02 10:00:00",e17
d238,窗,-1,-1,1,-1,"2020-01-30 21:00:00",e17
d239,窗,-1,-1,1,-1,"2021-03-24 12:00:00",e9
d24,窗帘,-1,-1,0,-1,"2020-11-12 02:00:00",e12
d240,温湿监测,20,27,-1,-1,"2021-04-11 07:00:00",e32
d241,烟雾监测,-1,-1,-1,-1,"2020-04-02 14:00:00",e37
d242,门,-1,-1,0,-1,"2020-03-31 23:00:00",e11
d243,烟雾监测,-1,-1,-1,-1,"2020-11-05 01:00:00",e3
d244,灯,-1,-1,1,9,"2020-10-02 05:00:00",e7
d245,窗帘,-1,-1,0,-1,"2021-05-14 20:00:00",e12
d246,温湿监测,25,14,-1,-1,"2020-08-31 17:00:00",e32
d247,温湿监测,60,14,-1,-1,"2020-06-22 22:00:00",e32
d248,灯,-1,-1,0,0,"2020-12-30 13:00:00",e7
d249,温湿监测,30,9,-1,-1,"2020-09-11 21:00:00",e32
d25,窗帘,-1,-1,0,-1,"2020-08-26 06:00:00",e12
d250,温湿监测,20,10,-1,-1,"2021-06-06 08:00:00",e6
d251,窗帘,-1,-1,1,-1,"2021-04-08 14:00:00",e25
d252,灯,-1,-1,1,6,"2021-02-10 00:00:00",e26
d253,温湿监测,32,29,-1,-1,"2020-12-07 16:00:00",e6
d254,窗,-1,-1,1,-1,"2020-08-01 14:00:00",e23
d255,门,-1,-1,1,-1,"2020-05-31 21:00:00",e33
d256,窗帘,-1,-1,0,-1,"2020-03-09 10:00:00",e10
d257,温湿监测,83,5,-1,-1,"2020-06-14 22:00:00",e6
d258,窗帘,-1,-1,1,-1,"2021-05-04 15:00:00",e18
d259,温湿监测,2,1,-1,-1,"2021-03-30 05:00:00",e32
d26,灯,-1,-1,1,6,"2020-05-27 19:00:00",e36
d260,窗帘,-1,-1,0,-1,"2021-05-30 15:00:00",e8
d261,门,-1,-1,1,-1,"2020-03-25 15:00:00",e29
d263,温湿监测,68,32,-1,-1,"2020-02-16 10:00:00",e32
d264,烟雾监测,-1,-1,-1,-1,"2020-08-22 02:00:00",e31
d265,烟雾监测,-1,-1,-1,-1,"2020-02-12 23:00:00",e14
d266,窗帘,-1,-1,1,-1,"2020-08-09 04:00:00",e18
d267,门,-1,-1,1,-1,"2020-06-18 19:00:00",e30
d268,窗帘,-1,-1,1,-1,"2020-02-01 00:00:00",e20
d269,窗帘,-1,-1,1,-1,"2020-08-09 09:00:00",e12
d27,门,-1,-1,0,-1,"2021-03-01 16:00:00",e11
d270,门,-1,-1,1,-1,"2020-08-26 05:00:00",e11
d271,灯,-1,-1,1,5,"2020-03-29 15:00:00",e7
d272,温湿监测,65,10,-1,-1,"2020-06-11 07:00:00",e32
d274,温湿监测,22,16,-1,-1,"2021-06-09 12:00:00",e6
d275,窗帘,-1,-1,1,-1,"2020-10-12 08:00:00",e10
d276,温湿监测,73,10,-1,-1,"2020-08-15 04:00:00",e6
d277,温湿监测,53,30,-1,-1,"2021-05-05 09:00:00",e32
d278,门,-1,-1,0,-1,"2020-04-11 10:00:00",e33
d279,窗,-1,-1,1,-1,"2020-09-24 18:00:00",e23
d280,窗,-1,-1,1,-1,"2021-02-20 08:00:00",e4
d281,窗帘,-1,-1,1,-1,"2021-01-21 11:00:00",e20
d282,窗,-1,-1,1,-1,"2021-05-17 14:00:00",e23
d283,灯,-1,-1,0,0,"2020-05-13 04:00:00",e36
d284,窗,-1,-1,1,-1,"2020-06-22 00:00:00",e4
d285,灯,-1,-1,0,0,"2020-07-29 23:00:00",e26
d286,温湿监测,72,14,-1,-1,"2021-05-02 16:00:00",e6
d287,窗,-1,-1,1,-1,"2020-07-21 08:00:00",e2
d288,烟雾监测,-1,-1,-1,-1,"2021-05-08 16:00:00",e23
d289,灯,-1,-1,0,0,"2020-01-30 21:00:00",e36
d29,窗帘,-1,-1,0,-1,"2020-05-29 10:00:00",e35
d290,灯,-1,-1,1,3,"2020-11-05 08:00:00",e24
d291,门,-1,-1,0,-1,"2020-04-25 02:00:00",e34
d292,门,-1,-1,0,-1,"2021-03-06 15:00:00",e34
d293,灯,-1,-1,0,0,"2020-11-12 15:00:00",e26
d294,门,-1,-1,1,-1,"2020-08-08 00:00:00",e34
d295,窗,-1,-1,1,-1,"2020-09-27 04:00:00",e9
d296,烟雾监测,-1,-1,-1,-1,"2020-04-21 09:00:00",e37
d297,灯,-1,-1,0,0,"2020-10-15 21:00:00",e13
d298,门,-1,-1,1,-1,"2020-10-24 01:00:00",e34
d299,窗帘,-1,-1,1,-1,"2020-01-20 14:00:00",e35
d3,light,7,2,1,4,"2020-01-01 00:00:00",e2
d30,灯,-1,-1,1,9,"2020-02-14 10:00:00",e13
d300,烟雾监测,-1,-1,-1,-1,"2021-05-27 05:00:00",e37
d301,烟雾监测,-1,-1,-1,-1,"2020-08-17 00:00:00",e31
d302,烟雾监测,-1,-1,-1,-1,"2021-06-09 13:00:00",e14
d303,门,-1,-1,0,-1,"2020-02-03 22:00:00",e16
d304,门,-1,-1,1,-1,"2020-10-16 18:00:00",e27
d305,温湿监测,40,5,-1,-1,"2020-11-18 04:00:00",e6
d306,门,-1,-1,1,-1,"2020-07-22 12:00:00",e34
d307,门,-1,-1,1,-1,"2020-03-07 10:00:00",e27
d308,门,-1,-1,0,-1,"2020-06-19 01:00:00",e30
d309,窗帘,-1,-1,1,-1,"2020-01-22 21:00:00",e38
d31,烟雾监测,-1,-1,-1,-1,"2020-08-26 18:00:00",e23
d310,烟雾监测,-1,-1,-1,-1,"2021-03-08 07:00:00",e15
d311,门,-1,-1,0,-1,"2021-01-17 13:00:00",e34
d312,窗帘,-1,-1,1,-1,"2020-03-01 07:00:00",e25
d313,温湿监测,66,19,-1,-1,"2021-04-16 19:00:00",e32
d314,温湿监测,72,10,-1,-1,"2020-04-07 18:00:00",e6
d315,烟雾监测,-1,-1,-1,-1,"2020-06-13 12:00:00",e40
d316,灯,-1,-1,1,9,"2020-10-29 17:00:00",e26
d317,门,-1,-1,0,-1,"2020-02-16 00:00:00",e34
d318,烟雾监测,-1,-1,-1,-1,"2020-06-23 09:00:00",e39
d319,灯,-1,-1,1,9,"2020-02-10 23:00:00",e24
d32,温湿监测,42,23,-1,-1,"2020-05-22 04:00:00",e6
d320,烟雾监测,-1,-1,-1,-1,"2021-06-18 16:00:00",e39
d321,门,-1,-1,1,-1,"2020-08-10 17:00:00",e30
d322,窗帘,-1,-1,1,-1,"2021-06-20 00:00:00",e25
d323,窗帘,-1,-1,1,-1,"2021-02-01 02:00:00",e12
d324,窗,-1,-1,0,-1,"2020-09-21 15:00:00",e17
d325,灯,-1,-1,1,10,"2020-08-27 23:00:00",e7
d326,灯,-1,-1,0,0,"2020-05-17 17:00:00",e7
d327,烟雾监测,-1,-1,-1,-1,"2020-11-10 02:00:00",e23
d328,温湿监测,7,18,-1,-1,"2020-12-31 06:00:00",e6
d329,灯,-1,-1,1,1,"2021-04-09 01:00:00",e13
d33,灯,-1,-1,1,9,"2020-10-22 05:00:00",e26
d330,烟雾监测,-1,-1,-1,-1,"2020-11-05 15:00:00",e23
d331,灯,-1,-1,0,0,"2020-06-22 21:00:00",e24
d332,烟雾监测,-1,-1,-1,-1,"2020-04-08 19:00:00",e31
d333,烟雾监测,-1,-1,-1,-1,"2020-10-13 03:00:00",e28
d334,窗,-1,-1,0,-1,"2020-12-26 04:00:00",e21
d336,烟雾监测,-1,-1,-1,-1,"2020-03-21 00:00:00",e15
d337,门,-1,-1,1,-1,"2020-06-15 08:00:00",e33
d338,温湿监测,37,18,-1,-1,"2020-02-12 13:00:00",e32
d339,窗帘,-1,-1,1,-1,"2021-05-01 23:00:00",e10
d34,烟雾监测,-1,-1,-1,-1,"2020-09-05 01:00:00",e39
d340,灯,-1,-1,1,2,"2021-03-11 07:00:00",e24
d341,窗帘,-1,-1,1,-1,"2020-04-01 00:00:00",e8
d342,灯,-1,-1,0,0,"2020-09-19 21:00:00",e26
d343,窗,-1,-1,0,-1,"2020-12-05 13:00:00",e4
d344,窗,-1,-1,1,-1,"2020-05-03 23:00:00",e2
d345,门,-1,-1,1,-1,"2020-10-10 07:00:00",e16
d346,烟雾监测,-1,-1,-1,-1,"2020-08-05 03:00:00",e37
d347,烟雾监测,-1,-1,-1,-1,"2020-08-28 12:00:00",e31
d348,温湿监测,1,36,-1,-1,"2020-04-03 12:00:00",e6
d349,温湿监测,88,17,-1,-1,"2020-07-19 00:00:00",e6
d35,门,-1,-1,0,-1,"2021-03-03 05:00:00",e16
d350,门,-1,-1,1,-1,"2020-02-19 14:00:00",e27
d351,温湿监测,20,31,-1,-1,"2020-04-22 18:00:00",e32
d352,灯,-1,-1,0,0,"2020-09-28 07:00:00",e24
d353,窗帘,-1,-1,1,-1,"2020-11-14 08:00:00",e10
d354,门,-1,-1,1,-1,"2020-12-11 14:00:00",e29
d355,烟雾监测,-1,-1,-1,-1,"2020-08-06 11:00:00",e28
d356,窗帘,-1,-1,1,-1,"2020-05-09 19:00:00",e12
d357,灯,-1,-1,0,0,"2020-06-05 20:00:00",e13
d358,烟雾监测,-1,-1,-1,-1,"2020-10-25 21:00:00",e1
d359,窗,-1,-1,1,-1,"2020-08-03 09:00:00",e23
d36,烟雾监测,-1,-1,-1,-1,"2020-12-27 19:00:00",e23
d360,温湿监测,32,13,-1,-1,"2021-06-29 13:00:00",e32
d361,门,-1,-1,1,-1,"2020-06-29 01:00:00",e33
d362,烟雾监测,-1,-1,-1,-1,"2020-04-05 13:00:00",e39
d363,窗帘,-1,-1,0,-1,"2021-05-25 01:00:00",e18
d364,窗帘,-1,-1,0,-1,"2020-12-18 07:00:00",e5
d365,窗,-1,-1,1,-1,"2020-03-12 06:00:00",e17
d366,烟雾监测,-1,-1,-1,-1,"2020-05-14 11:00:00",e37
d367,门,-1,-1,0,-1,"2020-06-15 18:00:00",e30
d368,灯,-1,-1,1,5,"2020-02-23 21:00:00",e24
d369,窗,-1,-1,0,-1,"2021-04-14 11:00:00",e4
d37,灯,-1,-1,0,0,"2020-01-31 11:00:00",e26
d370,窗帘,-1,-1,1,-1,"2020-04-09 01:00:00",e20
d371,温湿监测,5,10,-1,-1,"2020-06-18 21:00:00",e6
d372,烟雾监测,-1,-1,-1,-1,"2020-04-15 11:00:00",e14
d373,温湿监测,10,39,-1,-1,"2020-03-31 03:00:00",e6
d374,烟雾监测,-1,-1,-1,-1,"2020-05-29 04:00:00",e28
d375,门,-1,-1,0,-1,"2020-05-08 02:00:00",e11
d376,门,-1,-1,0,-1,"2020-04-19 05:00:00",e16
d377,灯,-1,-1,1,7,"2021-01-08 10:00:00",e13
d378,灯,-1,-1,1,2,"2020-01-16 01:00:00",e24
d379,窗,-1,-1,1,-1,"2020-12-06 10:00:00",e21
d38,灯,-1,-1,1,5,"2021-04-11 07:00:00",e24
d380,窗帘,-1,-1,0,-1,"2020-07-30 13:00:00",e38
d381,窗,-1,-1,1,-1,"2020-05-17 23:00:00",e21
d382,温湿监测,6,32,-1,-1,"2020-10-18 14:00:00",e6
d383,烟雾监测,-1,-1,-1,-1,"2020-04-18 13:00:00",e15
d384,烟雾监测,-1,-1,-1,-1,"2021-03-12 02:00:00",e15
d385,窗,-1,-1,1,-1,"2021-03-26 07:00:00",e2
d386,温湿监测,63,17,-1,-1,"2020-02-13 18:00:00",e32
d387,窗,-1,-1,1,-1,"2020-12-24 10:00:00",e9
d388,温湿监测,29,40,-1,-1,"2020-07-19 23:00:00",e6
d389,温湿监测,50,28,-1,-1,"2020-01-17 06:00:00",e32
d39,温湿监测,5,28,-1,-1,"2020-09-23 14:00:00",e6
d390,门,-1,-1,0,-1,"2020-05-09 20:00:00",e11
d391,温湿监测,14,6,-1,-1,"2020-01-08 07:00:00",e32
d392,窗帘,-1,-1,0,-1,"2020-06-14 15:00:00",e20
d393,温湿监测,44,7,-1,-1,"2020-08-09 11:00:00",e32
d394,灯,-1,-1,0,0,"2020-09-24 01:00:00",e26
d395,门,-1,-1,0,-1,"2020-04-03 07:00:00",e34
d396,窗帘,-1,-1,1,-1,"2020-10-07 19:00:00",e19
d397,窗,-1,-1,0,-1,"2021-06-30 23:00:00",e9
d398,灯,-1,-1,0,0,"2020-06-01 17:00:00",e13
d399,门,-1,-1,0,-1,"2021-05-08 21:00:00",e11
d4,light,1,2,1,5,"2020-01-01 00:00:00",e2
d40,灯,-1,-1,0,0,"2021-04-18 02:00:00",e36
d400,窗帘,-1,-1,1,-1,"2021-04-08 04:00:00",e25
d401,窗,-1,-1,1,-1,"2020-02-09 17:00:00",e4
d402,窗,-1,-1,1,-1,"2020-09-17 01:00:00",e2
d403,烟雾监测,-1,-1,-1,-1,"2021-01-14 20:00:00",e39
d404,窗帘,-1,-1,1,-1,"2021-05-25 01:00:00",e5
d405,门,-1,-1,0,-1,"2020-07-16 21:00:00",e16
d408,温湿监测,13,9,-1,-1,"2021-01-03 16:00:00",e6
d409,窗帘,-1,-1,0,-1,"2020-05-09 17:00:00",e38
d41,窗帘,-1,-1,1,-1,"2020-05-12 13:00:00",e12
d410,烟雾监测,-1,-1,-1,-1,"2020-12-17 14:00:00",e31
d411,烟雾监测,-1,-1,-1,-1,"2020-07-29 05:00:00",e1
d412,烟雾监测,-1,-1,-1,-1,"2020-02-17 22:00:00",e31
d413,温湿监测,97,3,-1,-1,"2021-01-21 14:00:00",e6
d414,烟雾监测,-1,-1,-1,-1,"2020-04-29 14:00:00",e3
d415,窗,-1,-1,1,-1,"2020-07-08 07:00:00",e17
d416,窗帘,-1,-1,0,-1,"2021-05-11 22:00:00",e19
d417,窗帘,-1,-1,1,-1,"2020-02-14 13:00:00",e12
d418,窗帘,-1,-1,0,-1,"2020-08-22 13:00:00",e8
d419,门,-1,-1,0,-1,"2020-07-30 20:00:00",e27
d42,灯,-1,-1,1,5,"2020-12-02 22:00:00",e26
d420,烟雾监测,-1,-1,-1,-1,"2020-02-04 12:00:00",e3
d421,温湿监测,60,11,-1,-1,"2020-02-04 00:00:00",e6
d422,门,-1,-1,1,-1,"2020-12-09 00:00:00",e29
d423,门,-1,-1,0,-1,"2021-04-01 21:00:00",e33
d424,窗,-1,-1,1,-1,"2020-05-17 06:00:00",e17
d425,灯,-1,-1,1,6,"2020-03-02 14:00:00",e26
d426,门,-1,-1,0,-1,"2020-07-23 17:00:00",e27
d427,温湿监测,81,22,-1,-1,"2021-01-04 05:00:00",e32
d428,烟雾监测,-1,-1,-1,-1,"2020-08-02 16:00:00",e39
d429,窗,-1,-1,0,-1,"2020-02-15 16:00:00",e23
d43,灯,-1,-1,1,5,"2020-07-07 11:00:00",e13
d430,窗,-1,-1,1,-1,"2020-01-26 08:00:00",e17
d432,窗,-1,-1,0,-1,"2021-02-02 16:00:00",e23
d433,温湿监测,31,15,-1,-1,"2021-03-01 21:00:00",e32
d434,灯,-1,-1,0,0,"2020-01-13 04:00:00",e36
d435,窗,-1,-1,0,-1,"2020-04-07 02:00:00",e9
d436,窗,-1,-1,0,-1,"2020-01-31 14:00:00",e21
d437,烟雾监测,-1,-1,-1,-1,"2020-09-30 02:00:00",e40
d438,温湿监测,52,37,-1,-1,"2020-04-02 20:00:00",e6
d44,窗,-1,-1,0,-1,"2020-03-24 15:00:00",e4
d440,烟雾监测,-1,-1,-1,-1,"2021-01-27 14:00:00",e40
d441,灯,-1,-1,1,8,"2020-07-30 03:00:00",e24
d442,灯,-1,-1,1,8,"2020-09-08 08:00:00",e36
d443,烟雾监测,-1,-1,-1,-1,"2020-05-03 20:00:00",e15
d444,窗,-1,-1,1,-1,"2021-01-10 20:00:00",e23
d445,窗,-1,-1,1,-1,"2020-07-13 11:00:00",e2
d446,烟雾监测,-1,-1,-1,-1,"2020-09-17 12:00:00",e39
d447,灯,-1,-1,1,4,"2020-11-11 04:00:00",e7
d448,门,-1,-1,0,-1,"2021-03-04 20:00:00",e16
d449,烟雾监测,-1,-1,-1,-1,"2021-05-14 13:00:00",e28
d45,门,-1,-1,1,-1,"2020-10-07 14:00:00",e33
d450,窗帘,-1,-1,1,-1,"2020-03-13 23:00:00",e20
d451,温湿监测,11,30,-1,-1,"2020-02-06 22:00:00",e6
d452,门,-1,-1,1,-1,"2021-06-18 06:00:00",e34
d453,门,-1,-1,0,-1,"2021-03-25 20:00:00",e27
d455,温湿监测,85,18,-1,-1,"2020-04-04 01:00:00",e32
d456,门,-1,-1,1,-1,"2020-10-10 22:00:00",e29
d457,门,-1,-1,1,-1,"2020-08-06 15:00:00",e33
d458,烟雾监测,-1,-1,-1,-1,"2020-10-16 14:00:00",e31
d459,窗,-1,-1,0,-1,"2021-06-28 15:00:00",e17
d46,窗帘,-1,-1,1,-1,"2020-08-11 03:00:00",e5
d460,窗帘,-1,-1,1,-1,"2020-08-02 16:00:00",e12
d461,窗,-1,-1,1,-1,"2020-06-21 23:00:00",e21
d462,灯,-1,-1,1,2,"2021-05-31 07:00:00",e24
d463,温湿监测,80,30,-1,-1,"2020-11-29 00:00:00",e32
d464,温湿监测,15,4,-1,-1,"2020-06-12 09:00:00",e6
d465,窗,-1,-1,1,-1,"2020-10-17 08:00:00",e9
d466,温湿监测,29,24,-1,-1,"2020-02-24 10:00:00",e6
d467,灯,-1,-1,0,0,"2021-06-22 17:00:00",e24
d468,烟雾监测,-1,-1,-1,-1,"2020-06-15 12:00:00",e14
d469,烟雾监测,-1,-1,-1,-1,"2021-03-21 07:00:00",e40
d47,窗,-1,-1,1,-1,"2020-04-14 09:00:00",e4
d470,烟雾监测,-1,-1,-1,-1,"2021-03-22 00:00:00",e40
d471,温湿监测,47,31,-1,-1,"2020-04-15 14:00:00",e6
d472,窗帘,-1,-1,0,-1,"2020-05-01 00:00:00",e35
d473,烟雾监测,-1,-1,-1,-1,"2021-05-13 06:00:00",e31
d474,烟雾监测,-1,-1,-1,-1,"2020-07-12 16:00:00",e28
d475,窗,-1,-1,1,-1,"2021-03-13 14:00:00",e17
d476,窗帘,-1,-1,0,-1,"2020-05-09 10:00:00",e18
d478,温湿监测,13,0,-1,-1,"2021-01-20 13:00:00",e6
d479,门,-1,-1,1,-1,"2021-01-21 12:00:00",e33
d48,灯,-1,-1,1,4,"2021-06-20 06:00:00",e24
d480,窗,-1,-1,0,-1,"2020-01-24 03:00:00",e21
d481,温湿监测,51,20,-1,-1,"2020-08-03 06:00:00",e32
d482,温湿监测,4,23,-1,-1,"2021-01-09 03:00:00",e32
d483,窗,-1,-1,0,-1,"2020-03-06 00:00:00",e21
d484,窗,-1,-1,1,-1,"2021-05-21 21:00:00",e2
d485,灯,-1,-1,1,10,"2020-09-03 11:00:00",e24
d486,门,-1,-1,1,-1,"2021-04-21 00:00:00",e11
d487,窗,-1,-1,0,-1,"2020-01-28 06:00:00",e4
d488,门,-1,-1,0,-1,"2020-07-07 22:00:00",e16
d489,窗帘,-1,-1,0,-1,"2020-04-23 16:00:00",e19
d49,窗,-1,-1,1,-1,"2020-10-18 05:00:00",e9
d490,窗,-1,-1,1,-1,"2020-08-12 23:00:00",e9
d491,窗帘,-1,-1,0,-1,"2020-06-30 19:00:00",e19
d492,门,-1,-1,0,-1,"2020-12-28 20:00:00",e11
d493,门,-1,-1,1,-1,"2021-02-01 16:00:00",e11
d494,灯,-1,-1,0,0,"2020-02-15 00:00:00",e24
d495,窗,-1,-1,1,-1,"2020-01-09 14:00:00",e23
d496,烟雾监测,-1,-1,-1,-1,"2020-01-05 01:00:00",e31
d497,窗帘,-1,-1,1,-1,"2020-01-16 14:00:00",e35
d498,窗帘,-1,-1,0,-1,"2020-12-12 16:00:00",e20
d499,窗帘,-1,-1,1,-1,"2020-07-05 07:00:00",e19
d5,灯,-1,-1,1,7,"2021-04-19 12:00:00",e36
d50,温湿监测,68,29,-1,-1,"2020-10-21 00:00:00",e6
d500,窗,-1,-1,1,-1,"2020-10-07 04:00:00",e9
d501,灯,-1,-1,0,0,"2020-06-23 08:00:00",e13
d502,烟雾监测,-1,-1,-1,-1,"2020-07-07 21:00:00",e14
d503,灯,-1,-1,0,0,"2020-05-21 07:00:00",e7
d504,灯,-1,-1,1,10,"2020-09-10 02:00:00",e36
d505,门,-1,-1,0,-1,"2020-06-22 11:00:00",e11
d506,窗,-1,-1,1,-1,"2020-11-09 00:00:00",e4
d507,门,-1,-1,1,-1,"2020-03-27 10:00:00",e27
d508,窗帘,-1,-1,0,-1,"2020-01-17 16:00:00",e18
d509,窗帘,-1,-1,1,-1,"2020-09-08 16:00:00",e8
d51,门,-1,-1,0,-1,"2020-06-22 18:00:00",e16
d510,温湿监测,53,9,-1,-1,"2020-10-01 03:00:00",e6
d511,烟雾监测,-1,-1,-1,-1,"2021-04-10 08:00:00",e14
d512,窗帘,-1,-1,1,-1,"2021-02-12 03:00:00",e12
d513,温湿监测,31,10,-1,-1,"2021-06-16 18:00:00",e6
d514,窗帘,-1,-1,1,-1,"2021-02-06 00:00:00",e38
d515,灯,-1,-1,1,7,"2020-12-03 23:00:00",e26
d516,烟雾监测,-1,-1,-1,-1,"2020-06-28 22:00:00",e14
d517,门,-1,-1,0,-1,"2020-03-09 05:00:00",e16
d518,门,-1,-1,1,-1,"2020-11-29 12:00:00",e33
d519,烟雾监测,-1,-1,-1,-1,"2021-03-11 11:00:00",e28
d52,烟雾监测,-1,-1,-1,-1,"2020-09-30 03:00:00",e3
d520,烟雾监测,-1,-1,-1,-1,"2021-01-10 23:00:00",e15
d521,窗帘,-1,-1,0,-1,"2020-09-11 13:00:00",e8
d522,烟雾监测,-1,-1,-1,-1,"2020-02-18 14:00:00",e28
d523,温湿监测,93,13,-1,-1,"2020-05-05 00:00:00",e6
d524,温湿监测,55,30,-1,-1,"2020-04-04 06:00:00",e6
d525,门,-1,-1,1,-1,"2021-04-12 19:00:00",e27
d526,灯,-1,-1,1,9,"2020-08-10 23:00:00",e36
d527,窗,-1,-1,1,-1,"2021-06-03 01:00:00",e21
d528,窗帘,-1,-1,1,-1,"2021-05-29 20:00:00",e19
d529,烟雾监测,-1,-1,-1,-1,"2020-07-18 21:00:00",e14
d53,窗帘,-1,-1,0,-1,"2021-01-18 14:00:00",e25
d530,灯,-1,-1,0,0,"2020-06-25 13:00:00",e26
d531,灯,-1,-1,0,0,"2020-12-17 12:00:00",e36
d532,门,-1,-1,0,-1,"2020-08-28 01:00:00",e16
d533,灯,-1,-1,1,9,"2020-09-16 23:00:00",e7
d534,温湿监测,34,21,-1,-1,"2020-03-23 06:00:00",e32
d535,窗帘,-1,-1,0,-1,"2020-07-10 04:00:00",e19
d536,温湿监测,11,16,-1,-1,"2020-03-25 08:00:00",e6
d537,温湿监测,31,34,-1,-1,"2020-04-15 18:00:00",e6
d538,灯,-1,-1,1,9,"2021-01-04 12:00:00",e26
d539,窗,-1,-1,1,-1,"2020-03-31 21:00:00",e4
d54,温湿监测,78,6,-1,-1,"2020-09-28 08:00:00",e6
d540,窗,-1,-1,1,-1,"2020-04-15 00:00:00",e17
d541,烟雾监测,-1,-1,-1,-1,"2020-10-22 06:00:00",e39
d542,灯,-1,-1,1,7,"2020-09-03 02:00:00",e24
d543,烟雾监测,-1,-1,-1,-1,"2021-05-19 08:00:00",e23
d544,门,-1,-1,1,-1,"2021-05-09 02:00:00",e34
d545,窗帘,-1,-1,1,-1,"2020-01-27 18:00:00",e5
d546,温湿监测,93,36,-1,-1,"2020-05-17 05:00:00",e32
d547,灯,-1,-1,1,1,"2020-11-10 10:00:00",e36
d548,门,-1,-1,0,-1,"2020-02-08 07:00:00",e11
d549,灯,-1,-1,1,1,"2020-10-20 23:00:00",e36
d55,窗帘,-1,-1,0,-1,"2020-07-20 18:00:00",e12
d550,温湿监测,73,40,-1,-1,"2020-10-12 03:00:00",e6
d551,温湿监测,3,2,-1,-1,"2020-12-18 19:00:00",e32
d552,窗,-1,-1,1,-1,"2020-08-10 02:00:00",e23
d553,灯,-1,-1,1,7,"2021-01-04 00:00:00",e26
d554,窗帘,-1,-1,1,-1,"2021-01-26 20:00:00",e19
d555,门,-1,-1,1,-1,"2020-03-24 22:00:00",e29
d556,窗,-1,-1,0,-1,"2020-03-08 07:00:00",e9
d557,门,-1,-1,1,-1,"2020-01-26 14:00:00",e29
d558,窗帘,-1,-1,0,-1,"2020-12-22 05:00:00",e25
d559,窗,-1,-1,1,-1,"2020-02-03 05:00:00",e23
d56,灯,-1,-1,1,2,"2021-03-23 08:00:00",e26
d560,窗,-1,-1,1,-1,"2020-01-05 14:00:00",e21
d561,门,-1,-1,0,-1,"2020-04-18 13:00:00",e33
d563,烟雾监测,-1,-1,-1,-1,"2021-02-15 02:00:00",e39
d564,温湿监测,74,8,-1,-1,"2020-07-31 13:00:00",e6
d565,门,-1,-1,0,-1,"2020-01-14 14:00:00",e30
d566,窗帘,-1,-1,1,-1,"2021-03-22 14:00:00",e12
d567,灯,-1,-1,0,0,"2021-05-21 11:00:00",e24
d568,烟雾监测,-1,-1,-1,-1,"2020-09-07 03:00:00",e31
d569,温湿监测,49,23,-1,-1,"2020-02-19 05:00:00",e32
d57,窗,-1,-1,1,-1,"2020-11-09 23:00:00",e17
d570,门,-1,-1,1,-1,"2020-02-16 12:00:00",e30
d571,灯,-1,-1,1,1,"2021-02-06 16:00:00",e7
d572,烟雾监测,-1,-1,-1,-1,"2020-04-22 04:00:00",e3
d573,温湿监测,30,6,-1,-1,"2020-01-10 04:00:00",e6
d574,温湿监测,43,18,-1,-1,"2020-03-06 23:00:00",e32
d575,温湿监测,80,13,-1,-1,"2020-12-11 01:00:00",e32
d576,烟雾监测,-1,-1,-1,-1,"2020-03-09 11:00:00",e28
d577,门,-1,-1,1,-1,"2020-12-08 00:00:00",e34
d578,灯,-1,-1,1,7,"2020-07-09 17:00:00",e13
d579,温湿监测,21,25,-1,-1,"2020-01-09 21:00:00",e6
d58,门,-1,-1,1,-1,"2020-07-31 04:00:00",e27
d580,门,-1,-1,0,-1,"2020-06-18 16:00:00",e11
d581,门,-1,-1,1,-1,"2020-07-04 16:00:00",e11
d582,烟雾监测,-1,-1,-1,-1,"2020-07-22 15:00:00",e3
d583,窗帘,-1,-1,1,-1,"2021-02-05 13:00:00",e12
d584,温湿监测,32,35,-1,-1,"2020-12-16 16:00:00",e6
d585,烟雾监测,-1,-1,-1,-1,"2021-06-28 15:00:00",e37
d586,窗帘,-1,-1,0,-1,"2021-02-26 18:00:00",e25
d587,烟雾监测,-1,-1,-1,-1,"2020-05-17 12:00:00",e39
d588,灯,-1,-1,0,0,"2021-05-31 01:00:00",e7
d589,门,-1,-1,0,-1,"2021-03-19 21:00:00",e33
d59,窗帘,-1,-1,1,-1,"2021-05-28 14:00:00",e19
d590,温湿监测,19,27,-1,-1,"2020-11-13 00:00:00",e6
d591,窗,-1,-1,1,-1,"2021-02-27 02:00:00",e21
d592,烟雾监测,-1,-1,-1,-1,"2021-05-17 01:00:00",e15
d593,烟雾监测,-1,-1,-1,-1,"2021-02-10 21:00:00",e15
d594,窗,-1,-1,1,-1,"2020-07-15 14:00:00",e21
d595,窗,-1,-1,1,-1,"2020-10-06 00:00:00",e21
d596,烟雾监测,-1,-1,-1,-1,"2020-11-24 22:00:00",e39
d597,烟雾监测,-1,-1,-1,-1,"2020-05-15 07:00:00",e23
d598,窗,-1,-1,1,-1,"2020-04-24 18:00:00",e2
d599,门,-1,-1,0,-1,"2020-01-09 21:00:00",e30
d6,窗帘,-1,-1,1,-1,"2020-06-30 11:00:00",e12
d60,窗,-1,-1,1,-1,"2021-02-12 02:00:00",e21
d600,烟雾监测,-1,-1,-1,-1,"2020-07-25 19:00:00",e39
d601,烟雾监测,-1,-1,-1,-1,"2020-11-30 03:00:00",e37
d602,窗,-1,-1,1,-1,"2020-04-04 13:00:00",e17
d603,窗帘,-1,-1,0,-1,"2020-07-22 00:00:00",e25
d604,灯,-1,-1,1,10,"2020-05-24 01:00:00",e13
d605,门,-1,-1,0,-1,"2020-03-25 18:00:00",e34
d606,烟雾监测,-1,-1,-1,-1,"2020-11-07 23:00:00",e31
d607,门,-1,-1,0,-1,"2020-05-07 08:00:00",e27
d608,窗,-1,-1,1,-1,"2020-06-12 17:00:00",e17
d609,门,-1,-1,1,-1,"2021-02-11 08:00:00",e30
d61,烟雾监测,-1,-1,-1,-1,"2020-03-25 15:00:00",e39
d610,灯,-1,-1,0,0,"2021-04-19 15:00:00",e7
d611,窗,-1,-1,1,-1,"2021-01-04 13:00:00",e2
d612,窗,-1,-1,1,-1,"2020-09-06 18:00:00",e17
d613,灯,-1,-1,1,9,"2020-10-24 00:00:00",e36
d614,灯,-1,-1,0,0,"2021-06-03 10:00:00",e26
d615,窗,-1,-1,1,-1,"2020-05-10 16:00:00",e4
d616,门,-1,-1,0,-1,"2020-04-22 06:00:00",e27
d617,窗帘,-1,-1,0,-1,"2021-02-02 23:00:00",e18
d618,窗帘,-1,-1,0,-1,"2020-12-21 08:00:00",e25
d619,温湿监测,49,24,-1,-1,"2020-03-21 06:00:00",e32
d62,烟雾监测,-1,-1,-1,-1,"2020-08-08 20:00:00",e37
d620,窗,-1,-1,0,-1,"2020-07-28 00:00:00",e17
d621,窗帘,-1,-1,0,-1,"2020-12-27 20:00:00",e19
d622,窗帘,-1,-1,0,-1,"2021-03-02 22:00:00",e38
d623,烟雾监测,-1,-1,-1,-1,"2021-04-28 03:00:00",e37
d625,门,-1,-1,1,-1,"2021-06-27 03:00:00",e30
d626,烟雾监测,-1,-1,-1,-1,"2020-08-13 05:00:00",e37
d627,灯,-1,-1,0,0,"2020-04-06 09:00:00",e24
d628,烟雾监测,-1,-1,-1,-1,"2021-04-30 19:00:00",e14
d629,窗,-1,-1,1,-1,"2021-01-14 23:00:00",e2
d630,烟雾监测,-1,-1,-1,-1,"2020-07-06 10:00:00",e1
d631,窗帘,-1,-1,1,-1,"2021-02-05 19:00:00",e18
d632,灯,-1,-1,1,6,"2021-04-10 01:00:00",e13
d633,烟雾监测,-1,-1,-1,-1,"2020-12-13 13:00:00",e28
d634,窗,-1,-1,1,-1,"2020-07-02 03:00:00",e21
d635,门,-1,-1,0,-1,"2021-04-26 05:00:00",e16
d636,窗,-1,-1,1,-1,"2021-01-09 06:00:00",e17
d637,灯,-1,-1,1,5,"2021-01-13 07:00:00",e13
d638,门,-1,-1,0,-1,"2020-04-02 18:00:00",e30
d639,灯,-1,-1,0,0,"2020-06-14 19:00:00",e36
d64,窗帘,-1,-1,1,-1,"2020-11-07 20:00:00",e25
d640,温湿监测,61,11,-1,-1,"2020-11-16 18:00:00",e6
d641,灯,-1,-1,1,2,"2020-11-27 01:00:00",e24
d642,温湿监测,85,24,-1,-1,"2020-07-09 09:00:00",e6
d643,温湿监测,15,10,-1,-1,"2020-03-27 20:00:00",e32
d644,窗,-1,-1,0,-1,"2020-08-31 20:00:00",e23
d645,灯,-1,-1,1,6,"2020-04-14 18:00:00",e24
d646,温湿监测,84,30,-1,-1,"2021-05-30 22:00:00",e6
d647,门,-1,-1,1,-1,"2020-06-14 01:00:00",e30
d648,窗,-1,-1,0,-1,"2020-04-19 01:00:00",e2
d649,窗帘,-1,-1,1,-1,"2020-10-11 19:00:00",e5
d65,窗,-1,-1,1,-1,"2020-01-01 10:00:00",e2
d650,温湿监测,85,24,-1,-1,"2020-03-31 22:00:00",e6
d651,窗,-1,-1,1,-1,"2020-10-31 03:00:00",e4
d652,窗,-1,-1,0,-1,"2020-03-14 00:00:00",e2
d653,窗帘,-1,-1,0,-1,"2020-11-21 12:00:00",e38
d654,窗,-1,-1,1,-1,"2020-08-26 00:00:00",e17
d655,温湿监测,93,22,-1,-1,"2020-10-18 15:00:00",e32
d656,烟雾监测,-1,-1,-1,-1,"2020-10-22 10:00:00",e14
d657,门,-1,-1,1,-1,"2020-08-29 13:00:00",e34
d658,门,-1,-1,0,-1,"2021-05-19 08:00:00",e30
d659,烟雾监测,-1,-1,-1,-1,"2021-06-02 02:00:00",e1
d66,灯,-1,-1,0,0,"2020-09-18 23:00:00",e36
d660,烟雾监测,-1,-1,-1,-1,"2020-07-17 20:00:00",e1
d661,窗,-1,-1,1,-1,"2020-02-08 03:00:00",e23
d662,灯,-1,-1,1,6,"2021-02-25 06:00:00",e7
d663,窗,-1,-1,1,-1,"2021-06-09 01:00:00",e23
d664,窗帘,-1,-1,0,-1,"2021-04-20 23:00:00",e10
d665,烟雾监测,-1,-1,-1,-1,"2020-12-13 04:00:00",e14
d666,窗帘,-1,-1,0,-1,"2020-07-15 14:00:00",e20
d667,灯,-1,-1,1,9,"2020-09-19 02:00:00",e36
d668,灯,-1,-1,1,5,"2020-09-19 22:00:00",e26
d669,温湿监测,65,33,-1,-1,"2021-05-30 04:00:00",e6
d67,窗,-1,-1,1,-1,"2020-05-06 12:00:00",e2
d670,门,-1,-1,0,-1,"2021-05-25 04:00:00",e29
d671,温湿监测,94,6,-1,-1,"2021-06-09 04:00:00",e6
d672,窗,-1,-1,1,-1,"2021-06-15 17:00:00",e21
d673,窗帘,-1,-1,1,-1,"2021-04-13 10:00:00",e10
d674,门,-1,-1,0,-1,"2021-03-17 08:00:00",e34
d675,窗帘,-1,-1,1,-1,"2021-05-01 21:00:00",e18
d676,烟雾监测,-1,-1,-1,-1,"2020-08-04 19:00:00",e39
d677,窗帘,-1,-1,1,-1,"2020-02-04 00:00:00",e10
d678,窗帘,-1,-1,1,-1,"2020-07-11 20:00:00",e10
d679,烟雾监测,-1,-1,-1,-1,"2021-05-03 23:00:00",e3
d68,烟雾监测,-1,-1,-1,-1,"2020-05-12 08:00:00",e39
d680,窗,-1,-1,0,-1,"2020-01-23 01:00:00",e17
d681,温湿监测,95,26,-1,-1,"2020-02-29 12:00:00",e6
d682,门,-1,-1,0,-1,"2021-01-27 02:00:00",e29
d683,灯,-1,-1,1,4,"2021-01-05 00:00:00",e26
d684,温湿监测,57,1,-1,-1,"2020-08-16 11:00:00",e6
d685,温湿监测,10,27,-1,-1,"2020-07-29 12:00:00",e6
d686,灯,-1,-1,0,0,"2020-06-06 13:00:00",e26
d687,窗帘,-1,-1,1,-1,"2020-12-08 05:00:00",e19
d688,门,-1,-1,0,-1,"2020-06-18 23:00:00",e34
d689,窗帘,-1,-1,0,-1,"2020-03-16 14:00:00",e5
d69,窗,-1,-1,0,-1,"2020-09-19 13:00:00",e2
d690,烟雾监测,-1,-1,-1,-1,"2020-01-31 22:00:00",e15
d691,窗,-1,-1,1,-1,"2021-02-20 09:00:00",e21
d692,门,-1,-1,1,-1,"2021-02-14 08:00:00",e33
d694,门,-1,-1,0,-1,"2020-05-05 11:00:00",e27
d695,窗,-1,-1,0,-1,"2021-02-06 00:00:00",e4
d696,灯,-1,-1,1,4,"2020-05-29 00:00:00",e36
d697,窗帘,-1,-1,0,-1,"2020-05-28 12:00:00",e25
d699,灯,-1,-1,1,9,"2020-06-24 16:00:00",e7
d7,窗帘,-1,-1,0,-1,"2020-10-19 22:00:00",e38
d70,烟雾监测,-1,-1,-1,-1,"2020-06-12 04:00:00",e3
d700,窗帘,-1,-1,0,-1,"2021-05-30 19:00:00",e25
d701,烟雾监测,-1,-1,-1,-1,"2021-04-14 18:00:00",e37
d702,温湿监测,49,25,-1,-1,"2020-03-14 03:00:00",e6
d703,烟雾监测,-1,-1,-1,-1,"2021-01-17 21:00:00",e31
d704,烟雾监测,-1,-1,-1,-1,"2021-03-16 02:00:00",e28
d705,门,-1,-1,0,-1,"2020-03-15 00:00:00",e33
d706,窗,-1,-1,1,-1,"2020-06-13 10:00:00",e21
d707,门,-1,-1,1,-1,"2020-10-24 04:00:00",e33
d708,门,-1,-1,0,-1,"2020-09-04 12:00:00",e29
d709,窗帘,-1,-1,0,-1,"2020-05-03 17:00:00",e12
d71,灯,-1,-1,1,9,"2021-05-21 06:00:00",e36
d710,温湿监测,40,35,-1,-1,"2020-02-19 20:00:00",e6
d711,门,-1,-1,1,-1,"2021-04-16 06:00:00",e30
d712,窗帘,-1,-1,1,-1,"2020-02-25 14:00:00",e8
d713,窗,-1,-1,1,-1,"2020-03-07 07:00:00",e17
d714,窗帘,-1,-1,0,-1,"2021-01-18 00:00:00",e10
d715,窗,-1,-1,1,-1,"2020-04-10 00:00:00",e21
d716,温湿监测,45,27,-1,-1,"2020-03-16 01:00:00",e32
d717,灯,-1,-1,0,0,"2021-04-22 07:00:00",e36
d718,灯,-1,-1,0,0,"2021-03-13 09:00:00",e26
d719,门,-1,-1,0,-1,"2020-01-06 14:00:00",e33
d72,窗帘,-1,-1,0,-1,"2020-05-15 03:00:00",e12
d720,灯,-1,-1,1,10,"2021-01-04 17:00:00",e7
d721,门,-1,-1,1,-1,"2021-05-01 09:00:00",e34
d722,门,-1,-1,0,-1,"2020-01-06 04:00:00",e30
d723,温湿监测,36,23,-1,-1,"2020-12-11 11:00:00",e6
d724,窗,-1,-1,1,-1,"2020-07-12 04:00:00",e17
d725,门,-1,-1,1,-1,"2020-05-18 17:00:00",e30
d726,温湿监测,60,15,-1,-1,"2020-08-20 16:00:00",e32
d727,灯,-1,-1,1,5,"2021-06-14 01:00:00",e13
d728,窗,-1,-1,1,-1,"2020-08-12 21:00:00",e23
d729,门,-1,-1,1,-1,"2020-07-16 22:00:00",e34
d73,门,-1,-1,1,-1,"2021-05-02 09:00:00",e29
d730,窗,-1,-1,1,-1,"2020-07-04 18:00:00",e9
d731,灯,-1,-1,1,10,"2021-03-10 00:00:00",e36
d732,门,-1,-1,1,-1,"2021-06-23 04:00:00",e33
d733,窗帘,-1,-1,1,-1,"2021-02-16 08:00:00",e12
d734,门,-1,-1,1,-1,"2020-05-29 00:00:00",e11
d735,温湿监测,73,2,-1,-1,"2021-01-30 06:00:00",e6
d736,灯,-1,-1,0,0,"2020-09-30 03:00:00",e7
d737,温湿监测,70,40,-1,-1,"2020-08-18 11:00:00",e6
d738,窗帘,-1,-1,0,-1,"2021-04-01 21:00:00",e19
d739,灯,-1,-1,1,5,"2021-04-28 01:00:00",e13
d74,烟雾监测,-1,-1,-1,-1,"2020-10-23 19:00:00",e40
d740,烟雾监测,-1,-1,-1,-1,"2020-09-24 16:00:00",e40
d741,窗,-1,-1,1,-1,"2021-03-19 16:00:00",e17
d742,门,-1,-1,0,-1,"2021-01-26 08:00:00",e30
d743,灯,-1,-1,1,6,"2020-02-05 20:00:00",e36
d744,窗帘,-1,-1,1,-1,"2020-08-01 01:00:00",e20
d745,窗帘,-1,-1,1,-1,"2020-08-04 16:00:00",e20
d746,烟雾监测,-1,-1,-1,-1,"2020-02-16 05:00:00",e3
d747,窗,-1,-1,1,-1,"2021-04-20 00:00:00",e9
d748,灯,-1,-1,1,3,"2020-03-08 23:00:00",e36
d749,窗帘,-1,-1,1,-1,"2020-07-14 03:00:00",e25
d75,窗,-1,-1,1,-1,"2020-06-20 09:00:00",e4
d750,烟雾监测,-1,-1,-1,-1,"2020-06-28 14:00:00",e1
d751,门,-1,-1,1,-1,"2020-08-26 08:00:00",e29
d752,温湿监测,8,30,-1,-1,"2020-04-06 21:00:00",e32
d753,烟雾监测,-1,-1,-1,-1,"2020-05-29 15:00:00",e40
d754,灯,-1,-1,1,2,"2020-06-11 20:00:00",e24
d755,灯,-1,-1,1,2,"2020-09-25 12:00:00",e24
d756,门,-1,-1,1,-1,"2021-06-13 06:00:00",e34
d757,温湿监测,93,21,-1,-1,"2020-01-18 09:00:00",e32
d758,门,-1,-1,1,-1,"2020-11-06 02:00:00",e33
d759,门,-1,-1,0,-1,"2020-10-03 17:00:00",e11
d76,烟雾监测,-1,-1,-1,-1,"2021-04-09 14:00:00",e37
d760,烟雾监测,-1,-1,-1,-1,"2021-02-25 07:00:00",e40
d761,温湿监测,38,17,-1,-1,"2020-05-21 22:00:00",e6
d762,烟雾监测,-1,-1,-1,-1,"2021-04-05 00:00:00",e23
d763,温湿监测,46,4,-1,-1,"2021-01-09 18:00:00",e6
d764,窗帘,-1,-1,1,-1,"2020-05-18 08:00:00",e20
d765,灯,-1,-1,1,5,"2020-02-29 07:00:00",e7
d766,窗帘,-1,-1,0,-1,"2020-05-21 05:00:00",e5
d767,窗帘,-1,-1,1,-1,"2021-01-20 02:00:00",e35
d768,窗,-1,-1,1,-1,"2020-04-13 01:00:00",e4
d769,烟雾监测,-1,-1,-1,-1,"2020-03-10 06:00:00",e37
d77,窗,-1,-1,0,-1,"2021-02-24 15:00:00",e21
d770,温湿监测,65,34,-1,-1,"2020-10-16 22:00:00",e32
d771,温湿监测,22,35,-1,-1,"2020-12-12 01:00:00",e32
d772,灯,-1,-1,0,0,"2020-06-21 07:00:00",e7
d773,温湿监测,62,39,-1,-1,"2020-03-21 01:00:00",e32
d774,烟雾监测,-1,-1,-1,-1,"2021-04-19 11:00:00",e3
d775,门,-1,-1,0,-1,"2020-06-03 06:00:00",e27
d776,窗帘,-1,-1,0,-1,"2020-08-24 03:00:00",e5
d777,温湿监测,25,20,-1,-1,"2020-08-21 23:00:00",e6
d778,灯,-1,-1,1,2,"2020-09-17 15:00:00",e26
d779,窗帘,-1,-1,0,-1,"2021-03-16 20:00:00",e10
d78,灯,-1,-1,1,3,"2021-05-16 00:00:00",e26
d780,门,-1,-1,1,-1,"2021-03-10 09:00:00",e11
d781,门,-1,-1,0,-1,"2020-03-07 04:00:00",e27
d782,窗,-1,-1,1,-1,"2021-03-05 22:00:00",e23
d783,窗帘,-1,-1,1,-1,"2021-04-21 14:00:00",e5
d784,烟雾监测,-1,-1,-1,-1,"2020-10-08 00:00:00",e40
d785,烟雾监测,-1,-1,-1,-1,"2020-04-23 22:00:00",e15
d786,窗帘,-1,-1,1,-1,"2021-05-05 21:00:00",e12
d787,窗帘,-1,-1,0,-1,"2020-11-16 23:00:00",e25
d788,门,-1,-1,1,-1,"2020-11-11 22:00:00",e11
d789,灯,-1,-1,1,3,"2020-04-06 22:00:00",e36
d79,烟雾监测,-1,-1,-1,-1,"2020-12-23 10:00:00",e1
d790,温湿监测,85,2,-1,-1,"2020-12-27 18:00:00",e32
d791,灯,-1,-1,1,1,"2021-02-28 08:00:00",e13
d792,窗,-1,-1,1,-1,"2020-02-21 16:00:00",e21
d793,灯,-1,-1,1,5,"2020-03-11 06:00:00",e24
d794,烟雾监测,-1,-1,-1,-1,"2021-06-14 20:00:00",e37
d795,窗帘,-1,-1,0,-1,"2021-04-22 08:00:00",e8
d796,窗,-1,-1,1,-1,"2020-04-19 08:00:00",e9
d797,门,-1,-1,1,-1,"2021-05-02 00:00:00",e11
d798,温湿监测,56,33,-1,-1,"2020-08-03 14:00:00",e6
d799,灯,-1,-1,1,10,"2020-07-16 02:00:00",e26
d8,温湿监测,42,10,-1,-1,"2021-05-23 19:00:00",e32
d80,门,-1,-1,0,-1,"2020-10-17 00:00:00",e27
d800,烟雾监测,-1,-1,-1,-1,"2020-07-30 19:00:00",e3
d801,窗帘,-1,-1,0,-1,"2020-02-21 08:00:00",e18
d802,门,-1,-1,1,-1,"2020-03-25 12:00:00",e16
d803,窗帘,-1,-1,0,-1,"2021-02-20 18:00:00",e19
d804,窗,-1,-1,1,-1,"2020-02-07 06:00:00",e2
d805,门,-1,-1,1,-1,"2021-03-05 20:00:00",e27
d806,灯,-1,-1,0,0,"2021-05-10 05:00:00",e24
d807,门,-1,-1,1,-1,"2020-02-17 23:00:00",e30
d808,温湿监测,75,26,-1,-1,"2020-06-01 02:00:00",e6
d809,灯,-1,-1,1,10,"2021-04-27 08:00:00",e36
d81,温湿监测,29,12,-1,-1,"2021-03-16 11:00:00",e32
d810,窗,-1,-1,1,-1,"2020-05-28 20:00:00",e21
d811,烟雾监测,-1,-1,-1,-1,"2020-02-26 03:00:00",e3
d812,温湿监测,16,20,-1,-1,"2021-06-08 13:00:00",e32
d813,灯,-1,-1,0,0,"2020-01-06 03:00:00",e7
d814,烟雾监测,-1,-1,-1,-1,"2020-12-07 03:00:00",e15
d815,温湿监测,80,19,-1,-1,"2020-05-31 12:00:00",e6
d816,窗,-1,-1,0,-1,"2021-04-02 19:00:00",e4
d817,烟雾监测,-1,-1,-1,-1,"2020-05-11 12:00:00",e37
d818,灯,-1,-1,0,0,"2020-05-24 19:00:00",e26
d819,灯,-1,-1,1,10,"2021-02-20 10:00:00",e13
d82,窗,-1,-1,0,-1,"2020-11-03 15:00:00",e2
d820,门,-1,-1,0,-1,"2021-01-28 04:00:00",e11
d821,门,-1,-1,0,-1,"2020-02-14 10:00:00",e27
d822,窗,-1,-1,1,-1,"2020-11-08 04:00:00",e17
d823,灯,-1,-1,1,9,"2020-03-19 09:00:00",e24
d824,窗,-1,-1,1,-1,"2020-02-13 23:00:00",e23
d825,烟雾监测,-1,-1,-1,-1,"2020-02-28 08:00:00",e3
d826,灯,-1,-1,0,0,"2020-09-16 00:00:00",e36
d827,温湿监测,12,1,-1,-1,"2020-06-07 02:00:00",e6
d828,温湿监测,1,16,-1,-1,"2020-08-21 16:00:00",e6
d829,烟雾监测,-1,-1,-1,-1,"2020-05-20 20:00:00",e39
d83,温湿监测,81,4,-1,-1,"2021-05-30 02:00:00",e6
d830,灯,-1,-1,1,9,"2021-03-12 14:00:00",e13
d831,灯,-1,-1,1,1,"2021-01-26 10:00:00",e13
d832,门,-1,-1,1,-1,"2021-02-19 01:00:00",e11
d833,烟雾监测,-1,-1,-1,-1,"2020-04-16 12:00:00",e23
d834,窗,-1,-1,0,-1,"2020-04-01 23:00:00",e9
d835,温湿监测,66,19,-1,-1,"2021-06-22 08:00:00",e6
d836,灯,-1,-1,1,6,"2020-02-05 02:00:00",e24
d837,灯,-1,-1,0,0,"2021-06-10 15:00:00",e24
d838,门,-1,-1,1,-1,"2021-04-27 22:00:00",e30
d839,灯,-1,-1,1,6,"2020-10-27 02:00:00",e7
d84,窗,-1,-1,1,-1,"2020-01-22 14:00:00",e2
d840,窗,-1,-1,0,-1,"2021-01-27 11:00:00",e17
d841,灯,-1,-1,1,5,"2020-04-06 16:00:00",e13
d842,烟雾监测,-1,-1,-1,-1,"2020-03-13 19:00:00",e28
d843,温湿监测,86,5,-1,-1,"2020-12-11 12:00:00",e6
d844,灯,-1,-1,0,0,"2020-11-05 00:00:00",e7
d845,温湿监测,84,13,-1,-1,"2020-11-18 00:00:00",e32
d846,窗帘,-1,-1,0,-1,"2020-03-09 16:00:00",e25
d847,灯,-1,-1,1,4,"2020-02-12 21:00:00",e7
d848,温湿监测,30,14,-1,-1,"2020-12-19 01:00:00",e32
d849,温湿监测,95,31,-1,-1,"2021-01-22 08:00:00",e6
d85,灯,-1,-1,1,8,"2020-10-22 15:00:00",e13
d850,烟雾监测,-1,-1,-1,-1,"2020-08-04 00:00:00",e23
d851,门,-1,-1,0,-1,"2020-03-07 04:00:00",e27
d852,门,-1,-1,0,-1,"2021-03-28 17:00:00",e30
d853,门,-1,-1,0,-1,"2020-11-18 09:00:00",e27
d854,温湿监测,13,17,-1,-1,"2020-03-19 15:00:00",e32
d855,门,-1,-1,0,-1,"2020-03-20 17:00:00",e27
d856,灯,-1,-1,1,2,"2020-06-13 05:00:00",e24
d857,灯,-1,-1,1,10,"2021-05-07 16:00:00",e36
d858,门,-1,-1,0,-1,"2020-10-04 21:00:00",e33
d859,烟雾监测,-1,-1,-1,-1,"2020-04-19 06:00:00",e37
d86,温湿监测,44,40,-1,-1,"2020-07-05 02:00:00",e6
d860,门,-1,-1,0,-1,"2020-10-02 11:00:00",e29
d861,窗,-1,-1,1,-1,"2020-03-31 01:00:00",e2
d862,灯,-1,-1,0,0,"2020-12-24 17:00:00",e36
d863,门,-1,-1,0,-1,"2020-08-18 02:00:00",e16
d865,灯,-1,-1,1,6,"2020-11-14 13:00:00",e36
d866,温湿监测,34,29,-1,-1,"2020-11-16 14:00:00",e32
d867,门,-1,-1,0,-1,"2020-09-02 14:00:00",e29
d868,温湿监测,6,18,-1,-1,"2021-05-08 04:00:00",e32
d869,窗帘,-1,-1,0,-1,"2020-07-01 21:00:00",e12
d87,窗帘,-1,-1,1,-1,"2021-02-07 12:00:00",e19
d870,温湿监测,42,19,-1,-1,"2021-03-28 20:00:00",e6
d871,烟雾监测,-1,-1,-1,-1,"2020-08-24 16:00:00",e40
d872,门,-1,-1,1,-1,"2020-10-04 05:00:00",e16
d873,门,-1,-1,0,-1,"2020-04-14 23:00:00",e30
d874,温湿监测,1,15,-1,-1,"2020-08-08 10:00:00",e32
d875,温湿监测,13,39,-1,-1,"2020-11-01 11:00:00",e32
d876,温湿监测,76,11,-1,-1,"2020-11-29 11:00:00",e6
d877,窗,-1,-1,1,-1,"2021-06-13 18:00:00",e23
d878,温湿监测,11,10,-1,-1,"2021-02-01 06:00:00",e32
d879,窗,-1,-1,1,-1,"2020-07-27 18:00:00",e23
d88,灯,-1,-1,1,7,"2020-12-31 06:00:00",e24
d880,窗帘,-1,-1,0,-1,"2020-05-29 13:00:00",e8
d881,窗帘,-1,-1,1,-1,"2020-07-27 16:00:00",e10
d882,烟雾监测,-1,-1,-1,-1,"2020-11-22 02:00:00",e31
d883,烟雾监测,-1,-1,-1,-1,"2021-01-30 06:00:00",e40
d884,温湿监测,81,10,-1,-1,"2020-11-02 15:00:00",e6
d885,灯,-1,-1,1,8,"2020-11-12 07:00:00",e36
d886,窗帘,-1,-1,0,-1,"2021-04-04 18:00:00",e20
d887,门,-1,-1,0,-1,"2021-04-16 02:00:00",e11
d888,窗,-1,-1,1,-1,"2021-05-05 13:00:00",e9
d889,灯,-1,-1,1,2,"2020-12-19 15:00:00",e24
d89,温湿监测,68,16,-1,-1,"2020-01-01 13:00:00",e32
d890,灯,-1,-1,1,3,"2020-09-10 14:00:00",e13
d891,温湿监测,41,29,-1,-1,"2020-10-30 00:00:00",e6
d892,门,-1,-1,0,-1,"2020-05-11 01:00:00",e27
d893,温湿监测,9,18,-1,-1,"2020-02-04 00:00:00",e6
d894,温湿监测,29,2,-1,-1,"2021-02-27 21:00:00",e32
d895,灯,-1,-1,1,7,"2021-02-19 22:00:00",e36
d896,窗,-1,-1,1,-1,"2021-05-11 13:00:00",e23
d897,窗,-1,-1,0,-1,"2020-04-29 22:00:00",e23
d898,窗帘,-1,-1,0,-1,"2020-06-04 17:00:00",e18
d899,窗,-1,-1,1,-1,"2020-09-15 01:00:00",e17
d9,烟雾监测,-1,-1,-1,-1,"2021-01-27 05:00:00",e37
d900,门,-1,-1,1,-1,"2020-04-02 03:00:00",e29
d901,窗,-1,-1,1,-1,"2020-04-20 02:00:00",e2
d902,窗,-1,-1,0,-1,"2020-09-04 03:00:00",e21
d903,门,-1,-1,0,-1,"2020-09-02 04:00:00",e16
d904,温湿监测,20,40,-1,-1,"2020-08-24 11:00:00",e32
d905,温湿监测,17,30,-1,-1,"2020-07-09 02:00:00",e6
d906,窗,-1,-1,1,-1,"2020-02-25 08:00:00",e23
d907,窗,-1,-1,1,-1,"2021-03-02 00:00:00",e17
d908,窗帘,-1,-1,0,-1,"2020-07-24 10:00:00",e12
d909,烟雾监测,-1,-1,-1,-1,"2020-08-01 14:00:00",e28
d91,烟雾监测,-1,-1,-1,-1,"2021-03-20 18:00:00",e39
d910,窗,-1,-1,1,-1,"2021-02-11 11:00:00",e9
d911,窗,-1,-1,1,-1,"2021-01-18 16:00:00",e9
d912,门,-1,-1,0,-1,"2020-07-25 03:00:00",e27
d913,烟雾监测,-1,-1,-1,-1,"2021-02-26 22:00:00",e40
d914,窗,-1,-1,1,-1,"2020-09-14 06:00:00",e9
d915,窗帘,-1,-1,0,-1,"2021-01-02 19:00:00",e35
d916,温湿监测,87,37,-1,-1,"2020-07-28 17:00:00",e6
d917,灯,-1,-1,1,7,"2021-01-03 15:00:00",e26
d918,窗,-1,-1,1,-1,"2020-08-30 00:00:00",e2
d919,灯,-1,-1,1,10,"2020-05-07 14:00:00",e13
d92,温湿监测,93,18,-1,-1,"2020-08-08 21:00:00",e32
d920,窗,-1,-1,1,-1,"2020-03-21 07:00:00",e23
d921,温湿监测,26,6,-1,-1,"2020-12-16 05:00:00",e6
d923,窗,-1,-1,1,-1,"2020-10-29 08:00:00",e23
d924,灯,-1,-1,0,0,"2020-11-05 00:00:00",e7
d925,灯,-1,-1,1,2,"2020-10-17 13:00:00",e26
d926,窗,-1,-1,1,-1,"2021-02-10 05:00:00",e23
d927,烟雾监测,-1,-1,-1,-1,"2020-01-08 02:00:00",e37
d929,门,-1,-1,1,-1,"2021-06-22 15:00:00",e29
d93,灯,-1,-1,0,0,"2020-04-23 05:00:00",e7
d930,烟雾监测,-1,-1,-1,-1,"2020-10-16 23:00:00",e14
d931,烟雾监测,-1,-1,-1,-1,"2020-05-25 11:00:00",e28
d932,窗帘,-1,-1,0,-1,"2020-01-12 00:00:00",e25
d933,灯,-1,-1,0,0,"2021-05-09 06:00:00",e7
d934,灯,-1,-1,0,0,"2020-12-14 16:00:00",e24
d935,窗,-1,-1,1,-1,"2020-01-21 23:00:00",e9
d936,门,-1,-1,0,-1,"2021-06-05 09:00:00",e34
d937,烟雾监测,-1,-1,-1,-1,"2020-10-06 01:00:00",e3
d938,窗帘,-1,-1,1,-1,"2020-05-02 23:00:00",e19
d939,温湿监测,4,22,-1,-1,"2020-01-10 09:00:00",e6
d94,灯,-1,-1,1,10,"2020-05-30 07:00:00",e26
d940,灯,-1,-1,0,0,"2020-09-11 03:00:00",e13
d941,温湿监测,84,28,-1,-1,"2020-04-03 01:00:00",e32
d942,温湿监测,87,28,-1,-1,"2020-04-21 21:00:00",e32
d943,窗帘,-1,-1,0,-1,"2020-11-09 17:00:00",e35
d944,窗,-1,-1,1,-1,"2020-12-22 00:00:00",e4
d945,窗帘,-1,-1,1,-1,"2020-01-22 05:00:00",e38
d946,窗,-1,-1,1,-1,"2020-05-03 11:00:00",e21
d947,门,-1,-1,0,-1,"2020-01-04 06:00:00",e30
d948,温湿监测,1,25,-1,-1,"2021-04-06 09:00:00",e32
d949,温湿监测,22,19,-1,-1,"2020-04-29 16:00:00",e6
d950,窗帘,-1,-1,0,-1,"2020-04-18 00:00:00",e8
d951,灯,-1,-1,1,3,"2020-04-06 15:00:00",e13
d952,烟雾监测,-1,-1,-1,-1,"2020-12-03 18:00:00",e40
d953,烟雾监测,-1,-1,-1,-1,"2021-04-26 00:00:00",e15
d954,灯,-1,-1,1,7,"2021-01-09 14:00:00",e24
d955,窗帘,-1,-1,1,-1,"2020-02-20 10:00:00",e19
d956,烟雾监测,-1,-1,-1,-1,"2020-07-04 14:00:00",e15
d957,灯,-1,-1,1,10,"2020-07-26 12:00:00",e24
d958,灯,-1,-1,0,0,"2020-05-24 05:00:00",e36
d959,温湿监测,57,25,-1,-1,"2020-04-25 08:00:00",e6
d96,温湿监测,94,23,-1,-1,"2020-07-31 16:00:00",e32
d960,窗帘,-1,-1,0,-1,"2020-07-12 12:00:00",e10
d961,灯,-1,-1,1,4,"2020-09-20 10:00:00",e36
d962,窗帘,-1,-1,0,-1,"2020-01-04 00:00:00",e19
d964,烟雾监测,-1,-1,-1,-1,"2020-02-14 20:00:00",e1
d965,温湿监测,2,11,-1,-1,"2021-03-07 01:00:00",e6
d966,温湿监测,77,8,-1,-1,"2020-01-24 01:00:00",e6
d967,烟雾监测,-1,-1,-1,-1,"2020-06-25 19:00:00",e15
d968,烟雾监测,-1,-1,-1,-1,"2020-08-31 16:00:00",e14
d969,窗帘,-1,-1,1,-1,"2020-07-06 03:00:00",e38
d97,温湿监测,84,27,-1,-1,"2020-05-21 03:00:00",e6
d970,门,-1,-1,0,-1,"2020-10-01 14:00:00",e30
d971,窗,-1,-1,1,-1,"2020-08-22 21:00:00",e4
d972,门,-1,-1,1,-1,"2021-03-03 15:00:00",e30
d973,灯,-1,-1,0,0,"2020-08-04 08:00:00",e13
d974,温湿监测,78,12,-1,-1,"2020-04-19 13:00:00",e6
d975,温湿监测,36,16,-1,-1,"2020-09-15 15:00:00",e32
d976,温湿监测,18,37,-1,-1,"2020-05-07 11:00:00",e6
d977,灯,-1,-1,0,0,"2020-06-27 09:00:00",e13
d978,窗,-1,-1,0,-1,"2020-10-04 22:00:00",e17
d979,烟雾监测,-1,-1,-1,-1,"2020-12-21 02:00:00",e15
d98,门,-1,-1,0,-1,"2021-02-03 15:00:00",e27
d980,窗帘,-1,-1,1,-1,"2020-12-21 22:00:00",e38
d981,门,-1,-1,1,-1,"2020-07-17 02:00:00",e16
d982,灯,-1,-1,1,10,"2021-06-23 18:00:00",e13
d983,烟雾监测,-1,-1,-1,-1,"2020-08-31 11:00:00",e15
d984,窗,-1,-1,0,-1,"2020-12-18 17:00:00",e2
d985,灯,-1,-1,1,10,"2021-01-07 15:00:00",e24
d986,门,-1,-1,0,-1,"2020-06-24 15:00:00",e33
d987,窗帘,-1,-1,0,-1,"2020-05-04 12:00:00",e8
d988,烟雾监测,-1,-1,-1,-1,"2020-01-30 14:00:00",e28
d989,温湿监测,92,23,-1,-1,"2020-02-27 13:00:00",e32
d99,温湿监测,66,2,-1,-1,"2020-12-22 11:00:00",e6
d990,温湿监测,6,27,-1,-1,"2020-05-02 08:00:00",e6
d991,烟雾监测,-1,-1,-1,-1,"2021-03-11 21:00:00",e15
d992,窗帘,-1,-1,1,-1,"2021-03-07 18:00:00",e8
d993,灯,-1,-1,0,0,"2020-01-02 00:00:00",e36
d994,灯,-1,-1,1,7,"2020-01-23 13:00:00",e36
d995,灯,-1,-1,1,3,"2020-10-18 18:00:00",e36
d996,门,-1,-1,1,-1,"2020-09-13 13:00:00",e29
d997,窗,-1,-1,1,-1,"2020-08-31 13:00:00",e4
d998,窗帘,-1,-1,1,-1,"2021-04-06 00:00:00",e8
d999,门,-1,-1,0,-1,"2020-06-17 20:00:00",e30
